{
  "collapse-filter": false,
  "search": "",
  "showTags": true,
  "showAttachments": true,
  "hideUnresolved": false,
  "showOrphans": true,
  "collapse-color-groups": false,
  "colorGroups": [
    {
      "query": "#git",
      "color": {
        "a": 1,
        "rgb": 16737894
      }
    },
    {
      "query": "#awk",
      "color": {
        "a": 1,
        "rgb": 2188074
      }
    },
    {
      "query": "#bash",
      "color": {
        "a": 1,
        "rgb": 65280
      }
    },
    {
      "query": "#container",
      "color": {
        "a": 1,
        "rgb": 2565298
      }
    },
    {
      "query": "#python",
      "color": {
        "a": 1,
        "rgb": 16514816
      }
    },
    {
      "query": "#database",
      "color": {
        "a": 1,
        "rgb": 6489349
      }
    },
    {
      "query": "#dotnet",
      "color": {
        "a": 1,
        "rgb": 5774965
      }
    },
    {
      "query": "#javascript",
      "color": {
        "a": 1,
        "rgb": 16711850
      }
    },
    {
      "query": "#reactjs",
      "color": {
        "a": 1,
        "rgb": 4644347
      }
    },
    {
      "query": "#rust",
      "color": {
        "a": 1,
        "rgb": 5511802
      }
    },
    {
      "query": "#math",
      "color": {
        "a": 1,
        "rgb": 6836514
      }
    },
    {
      "query": "#angular",
      "color": {
        "a": 1,
        "rgb": 16711680
      }
    },
    {
      "query": "#computing",
      "color": {
        "a": 1,
        "rgb": 15307854
      }
    },
    {
      "query": "#nextjs",
      "color": {
        "a": 1,
        "rgb": 5787728
      }
    },
    {
      "query": "#lifebook",
      "color": {
        "a": 1,
        "rgb": 1064790
      }
    },
    {
      "query": "#english",
      "color": {
        "a": 1,
        "rgb": 751975
      }
    }
  ],
  "collapse-display": true,
  "showArrow": false,
  "textFadeMultiplier": -1.8,
  "nodeSizeMultiplier": 0.844646875,
  "lineSizeMultiplier": 1.29947916666667,
  "collapse-forces": false,
  "centerStrength": 0.598958333333333,
  "repelStrength": 11.25,
  "linkStrength": 1,
  "linkDistance": 30,
  "scale": 0.16348370567220902,
  "close": true
}