{
  "collapse-filter": true,
  "search": "",
  "showTags": true,
  "showAttachments": false,
  "hideUnresolved": false,
  "showOrphans": true,
  "collapse-color-groups": true,
  "colorGroups": [],
  "collapse-display": true,
  "showArrow": false,
  "textFadeMultiplier": -0.7,
  "nodeSizeMultiplier": 0.814583333333333,
  "lineSizeMultiplier": 1.29947916666667,
  "collapse-forces": false,
  "centerStrength": 0.515625,
  "repelStrength": 8.75,
  "linkStrength": 0.911458333333333,
  "linkDistance": 52,
  "scale": 0.44778132901036605,
  "close": false
}