{
  "main": {
    "id": "23ba481898894539",
    "type": "split",
    "children": [
      {
        "id": "f760491a27a2b188",
        "type": "tabs",
        "children": [
          {
            "id": "e4eba40db44c5c10",
            "type": "leaf",
            "state": {
              "type": "graph",
              "state": {}
            }
          }
        ]
      }
    ],
    "direction": "vertical"
  },
  "left": {
    "id": "6ff9c2217ef2c3ca",
    "type": "split",
    "children": [
      {
        "id": "c53c917c31299de0",
        "type": "tabs",
        "children": [
          {
            "id": "c1c52d2fc9b46fdc",
            "type": "leaf",
            "state": {
              "type": "file-explorer",
              "state": {
                "sortOrder": "alphabetical"
              }
            }
          },
          {
            "id": "546b3a8b12c226d2",
            "type": "leaf",
            "state": {
              "type": "search",
              "state": {
                "query": "",
                "matchingCase": false,
                "explainSearch": false,
                "collapseAll": false,
                "extraContext": false,
                "sortOrder": "alphabetical"
              }
            }
          },
          {
            "id": "6547f55bfe091a34",
            "type": "leaf",
            "state": {
              "type": "bookmarks",
              "state": {}
            }
          }
        ]
      }
    ],
    "direction": "horizontal",
    "width": 265.5
  },
  "right": {
    "id": "9c1f4293da1e1f7a",
    "type": "split",
    "children": [
      {
        "id": "75cf9ae66b6bd6c7",
        "type": "tabs",
        "children": [
          {
            "id": "622ecdde190752c0",
            "type": "leaf",
            "state": {
              "type": "backlink",
              "state": {
                "collapseAll": false,
                "extraContext": false,
                "sortOrder": "alphabetical",
                "showSearch": false,
                "searchQuery": "",
                "backlinkCollapsed": false,
                "unlinkedCollapsed": true
              }
            }
          },
          {
            "id": "ad31d950110ec423",
            "type": "leaf",
            "state": {
              "type": "outgoing-link",
              "state": {
                "linksCollapsed": false,
                "unlinkedCollapsed": true
              }
            }
          },
          {
            "id": "05d2c2687f2bab48",
            "type": "leaf",
            "state": {
              "type": "tag",
              "state": {
                "sortOrder": "frequency",
                "useHierarchy": true
              }
            }
          },
          {
            "id": "93f4e6a3922be67e",
            "type": "leaf",
            "state": {
              "type": "outline",
              "state": {}
            }
          },
          {
            "id": "a457040ca64fc6ef",
            "type": "leaf",
            "state": {
              "type": "all-properties",
              "state": {
                "sortOrder": "frequency"
              }
            }
          }
        ]
      }
    ],
    "direction": "horizontal",
    "width": 300,
    "collapsed": true
  },
  "left-ribbon": {
    "hiddenItems": {
      "switcher:Open quick switcher": false,
      "graph:Open graph view": false,
      "canvas:Create new canvas": false,
      "daily-notes:Open today's daily note": false,
      "templates:Insert template": false,
      "command-palette:Open command palette": false,
      "obsidian-excalidraw-plugin:Create new drawing": false
    }
  },
  "active": "e4eba40db44c5c10",
  "lastOpenFiles": [
    "Technology/Javascript/Javascript.md",
    "Technology/Tests/Jest/Jest.md",
    "Technology/Javascript/Tests/Jest.md",
    "Technology/Computing/NumericSystem/Binary/Binary.md",
    "Technology/Computing/Network/Network.md",
    "Technology/Computing/Network/VPN.md",
    "Technology/Computing/Network/DNS.md",
    "Technology/Computing/Protocols/Protocols.md",
    "Technology/Computing/Protocols/RDP.md",
    "Technology/Computing/Protocols/UDP.md",
    "Technology/Computing/Protocols/HTTP - HTTPS.md",
    "Technology/Computing/Protocols/IP.md",
    "Technology/Computing/Protocols/TCP.md",
    "Technology/Computing/Protocols/SMTP.md",
    "Technology/Computing/Authentication/Authentication.md",
    "Technology/Computing/Authentication/Cookie.md",
    "Technology/Computing/Authentication/JWT.md",
    "Technology/Computing/Standards/OAUTH 2.0.md",
    "Technology/Computing/Protocols/OpenID.md",
    "Technology/Computing/Design Patterns/Design Patterns.md",
    "Technology/Computing/Design Patterns/Pattern - Flyweight.md",
    "Technology/Computing/Design Patterns/Pattern - Adapter.md",
    "Technology/Computing/Design Patterns/Pattern - Prototype.md",
    "Technology/Computing/Design Patterns/Pattern - Builder.md",
    "Technology/Computing/Design Patterns/Patern - Singleton.md",
    "Technology/Computing/Design Patterns/Pattern - Abstract Factory.md",
    "Brain.zip",
    "Technology/Frontend/ReactJs/ChakraUI",
    "Technology/DotNet/Blazor",
    "Brain/Technology/Javascript/Tests",
    "Brain/Technology/Javascript",
    "Brain/Technology",
    "Brain",
    "Technology/Tests/Cypress",
    "Technology/MessageBroker/RabbitMQ",
    "Technology/GIT/Images/Pasted image 20231114093911.png",
    "Technology/Frontend/ReactJs/React Hooks",
    "Projects/Posts/AWK/BrainStorm.canvas",
    "Math/Trigonometry/Images/Pasted image 20231111230727.png",
    "Math/Trigonometry/Images/Pasted image 20231111225132.png",
    "Math/Trigonometry/Images/Pasted image 20231111222126.png",
    "Pasted image 20231111225144.png",
    "Math/Trigonometry/Images/Pasted image 20231111224853.png",
    "Pasted image 20231111224833.png",
    "Technology/Frontend/ReactJs/Images/Pasted image 20231107170101.png",
    "Technology/DotNet/CSharp/Images/reference_type_02.png",
    "Technology/DotNet/CSharp/Images/reference_type_01.png",
    "Projects/PDI 2023/PDI 2023.canvas",
    "Brain/Brain/Projects/PDI 2023/PDI 2023.canvas",
    "Untitled.canvas"
  ]
}