{
  "main": {
    "id": "23ba481898894539",
    "type": "split",
    "children": [
      {
        "id": "f6ea7974b36e87c1",
        "type": "tabs",
        "children": [
          {
            "id": "6f7875f5f4b17db3",
            "type": "leaf",
            "state": {
              "type": "graph",
              "state": {}
            }
          },
          {
            "id": "7812408db38abaa6",
            "type": "leaf",
            "state": {
              "type": "markdown",
              "state": {
                "file": "Technology/Computing/File System/File System.md",
                "mode": "source",
                "source": false
              }
            }
          },
          {
            "id": "b0b9984b92522346",
            "type": "leaf",
            "state": {
              "type": "markdown",
              "state": {
                "file": "Technology/Frontend/RxJS/Operators.md",
                "mode": "source",
                "source": false
              }
            }
          }
        ]
      }
    ],
    "direction": "vertical"
  },
  "left": {
    "id": "6ff9c2217ef2c3ca",
    "type": "split",
    "children": [
      {
        "id": "c53c917c31299de0",
        "type": "tabs",
        "children": [
          {
            "id": "c1c52d2fc9b46fdc",
            "type": "leaf",
            "state": {
              "type": "file-explorer",
              "state": {
                "sortOrder": "alphabetical"
              }
            }
          },
          {
            "id": "546b3a8b12c226d2",
            "type": "leaf",
            "state": {
              "type": "search",
              "state": {
                "query": "",
                "matchingCase": false,
                "explainSearch": false,
                "collapseAll": false,
                "extraContext": false,
                "sortOrder": "alphabetical"
              }
            }
          },
          {
            "id": "6547f55bfe091a34",
            "type": "leaf",
            "state": {
              "type": "bookmarks",
              "state": {}
            }
          }
        ]
      }
    ],
    "direction": "horizontal",
    "width": 265.5
  },
  "right": {
    "id": "9c1f4293da1e1f7a",
    "type": "split",
    "children": [
      {
        "id": "75cf9ae66b6bd6c7",
        "type": "tabs",
        "children": [
          {
            "id": "622ecdde190752c0",
            "type": "leaf",
            "state": {
              "type": "backlink",
              "state": {
                "collapseAll": false,
                "extraContext": false,
                "sortOrder": "alphabetical",
                "showSearch": false,
                "searchQuery": "",
                "backlinkCollapsed": false,
                "unlinkedCollapsed": true
              }
            }
          },
          {
            "id": "ad31d950110ec423",
            "type": "leaf",
            "state": {
              "type": "outgoing-link",
              "state": {
                "linksCollapsed": false,
                "unlinkedCollapsed": true
              }
            }
          },
          {
            "id": "05d2c2687f2bab48",
            "type": "leaf",
            "state": {
              "type": "tag",
              "state": {
                "sortOrder": "frequency",
                "useHierarchy": true
              }
            }
          },
          {
            "id": "93f4e6a3922be67e",
            "type": "leaf",
            "state": {
              "type": "outline",
              "state": {}
            }
          },
          {
            "id": "a457040ca64fc6ef",
            "type": "leaf",
            "state": {
              "type": "all-properties",
              "state": {
                "sortOrder": "frequency"
              }
            }
          }
        ]
      }
    ],
    "direction": "horizontal",
    "width": 300,
    "collapsed": true
  },
  "left-ribbon": {
    "hiddenItems": {
      "switcher:Open quick switcher": false,
      "graph:Open graph view": false,
      "canvas:Create new canvas": false,
      "daily-notes:Open today's daily note": false,
      "templates:Insert template": false,
      "command-palette:Open command palette": false,
      "obsidian-excalidraw-plugin:Create new drawing": false
    }
  },
  "active": "6f7875f5f4b17db3",
  "lastOpenFiles": [
    "Technology/Computing/File System/File System.md",
    "Technology/Computing/Design Patterns/Design Patterns.md",
    "Technology/Frontend/RxJS/Operators.md",
    "Technology/Frontend/RxJS/RxJS.md",
    "Technology/Frontend/RxJS/Filtering/Operator - throttle.md",
    "Technology/Frontend/RxJS/Filtering/Operator - take.md",
    "Technology/Frontend/RxJS/Filtering/Operator - skip.md",
    "Technology/Frontend/RxJS/Filtering/Operator - last.md",
    "Technology/Frontend/RxJS/Filtering/Operator - single.md",
    "Technology/Frontend/RxJS/Filtering/Operator - first.md",
    "Technology/Frontend/RxJS/Filtering/Operator - elementAt.md",
    "Technology/Frontend/RxJS/Filtering/Operator - distinct.md",
    "Technology/Frontend/RxJS/Filtering/Operator - debounceTime.md",
    "Technology/Frontend/RxJS/Filtering/Operator - debounce.md",
    "Technology/Frontend/RxJS/Transformation/Operator - scan.md",
    "Technology/Frontend/RxJS/Transformation/Operator - groupBy.md",
    "Technology/Frontend/RxJS/Transformation/Operator - concatMap.md",
    "Technology/Frontend/RxJS/Transformation",
    "Technology/Frontend/RxJS/Filtering",
    "Technology/Frontend/RxJS/JoinCreation",
    "Technology/Frontend/RxJS/Creation",
    "Technology/Frontend/RxJS/ConditionalAndBoolean",
    "Technology/Frontend/RxJS/MathematicalAndAggregate",
    "Technology/Frontend/RxJS/MathematicalAndAggregate/Operator - min.md",
    "Technology/Frontend/RxJS/MathematicalAndAggregate/Operator - max.md",
    "Technology/Frontend/RxJS/MathematicalAndAggregate/Operator - count.md",
    "Technology/Frontend/RxJS/JoinCreation/Operator - zip.md",
    "Technology/Frontend/RxJS/JoinCreation/Operator - race.md",
    "Technology/Frontend/RxJS/JoinCreation/Operator - partition.md",
    "Technology/Frontend/RxJS/JoinCreation/Operator - merge.md",
    "Technology/Frontend/RxJS/JoinCreation/Operator - forkJoin.md",
    "Technology/Frontend/RxJS/JoinCreation/Operator - concat.md",
    "Technology/Computing/Design Patterns/Observer",
    "Technology/Computing/Design Patterns/Images/Pasted image 20231217215532.png",
    "Technology/Computing/ComputerArchitecture/Images",
    "Technology/Computing/ComputerArchitecture/Images/Pasted image 20231208223317.png",
    "Technology/Computing/Hardware",
    "Technology/Computing/ComputerArchitecture",
    "Technology/GIT/Images/Pasted image 20231114093911.png",
    "Projects/Posts/AWK/BrainStorm.canvas",
    "Math/Trigonometry/Images/Pasted image 20231111230727.png",
    "Math/Trigonometry/Images/Pasted image 20231111225132.png",
    "Math/Trigonometry/Images/Pasted image 20231111222126.png",
    "Pasted image 20231111225144.png",
    "Projects/PDI 2023/PDI 2023.canvas",
    "Brain/Brain/Projects/PDI 2023/PDI 2023.canvas",
    "Untitled.canvas"
  ]
}