{
  "main": {
    "id": "db02e98fc8df8c06",
    "type": "split",
    "children": [
      {
        "id": "bc8af048e5fb929a",
        "type": "tabs",
        "children": [
          {
            "id": "32e05dc89c5725c5",
            "type": "leaf",
            "state": {
              "type": "markdown",
              "state": {
                "file": "Math/Functions/Functions.md",
                "mode": "preview",
                "source": true
              }
            }
          },
          {
            "id": "107bb55021706fcf",
            "type": "leaf",
            "state": {
              "type": "markdown",
              "state": {
                "file": "Math/Trigonometry/Trigonometry.md",
                "mode": "source",
                "source": false
              }
            }
          },
          {
            "id": "f5531e3877d5e2e7",
            "type": "leaf",
            "state": {
              "type": "markdown",
              "state": {
                "file": "Technology/Database/SQL Server/Merge.md",
                "mode": "source",
                "source": false
              }
            }
          }
        ],
        "currentTab": 1
      }
    ],
    "direction": "vertical"
  },
  "left": {
    "id": "b483c3c6788dbc0c",
    "type": "mobile-drawer",
    "children": [
      {
        "id": "8574ee9e521c14f3",
        "type": "leaf",
        "state": {
          "type": "file-explorer",
          "state": {
            "sortOrder": "alphabetical"
          }
        }
      },
      {
        "id": "c168088dfce0d745",
        "type": "leaf",
        "state": {
          "type": "search",
          "state": {
            "query": "",
            "matchingCase": false,
            "explainSearch": false,
            "collapseAll": false,
            "extraContext": false,
            "sortOrder": "alphabetical"
          }
        }
      },
      {
        "id": "b60914a835f4f2bf",
        "type": "leaf",
        "state": {
          "type": "tag",
          "state": {
            "sortOrder": "frequency",
            "useHierarchy": true
          }
        }
      },
      {
        "id": "b9a84e0463870bb0",
        "type": "leaf",
        "state": {
          "type": "bookmarks",
          "state": {}
        }
      },
      {
        "id": "d96508f5953d2054",
        "type": "leaf",
        "state": {
          "type": "all-properties",
          "state": {
            "sortOrder": "frequency"
          }
        }
      }
    ],
    "currentTab": 0
  },
  "right": {
    "id": "ed46b21319fbd9fd",
    "type": "mobile-drawer",
    "children": [
      {
        "id": "48e3de04a032d61c",
        "type": "leaf",
        "state": {
          "type": "backlink",
          "state": {
            "file": "Math/Trigonometry/Trigonometry.md",
            "collapseAll": false,
            "extraContext": false,
            "sortOrder": "alphabetical",
            "showSearch": false,
            "searchQuery": "",
            "backlinkCollapsed": false,
            "unlinkedCollapsed": true
          }
        }
      },
      {
        "id": "0e9d2ff48f6d5a69",
        "type": "leaf",
        "state": {
          "type": "outgoing-link",
          "state": {
            "file": "Math/Trigonometry/Trigonometry.md",
            "linksCollapsed": false,
            "unlinkedCollapsed": true
          }
        }
      },
      {
        "id": "dc1f846e10f61973",
        "type": "leaf",
        "state": {
          "type": "outline",
          "state": {
            "file": "Math/Trigonometry/Trigonometry.md"
          }
        }
      }
    ],
    "currentTab": 0
  },
  "left-ribbon": {
    "hiddenItems": {
      "switcher:Open quick switcher": false,
      "graph:Open graph view": false,
      "canvas:Create new canvas": false,
      "daily-notes:Open today's daily note": false,
      "templates:Insert template": false,
      "command-palette:Open command palette": false
    }
  },
  "active": "8574ee9e521c14f3",
  "lastOpenFiles": [
    "Math/Geometry/Circle.md",
    "Math/Trigonometry/Trigonometry.md",
    "Math/Functions/Functions.md",
    "Math/Geometry/Geometry.md",
    "Math/Geometry",
    "Math/Calculus/Limits.md",
    "Math/Math.md",
    "Technology/Computing/Daemon.md",
    "Technology/Computing/Agent/Agent.md",
    "Technology/Computing/Computing.md",
    "Technology/Computing/Algorithms/Algorithms.md",
    "Technology/Computing/Authentication/Authentication.md",
    "Technology/Computing/Compiler/Compiler.md",
    "Technology/Computing/DataStructure/Data Structure.md",
    "Technology/Computing/Design Patterns/Design Patterns.md",
    "Technology/Computing/Encoding/Encoding.md",
    "Technology/Computing/File System/File System.md",
    "Technology/Computing/Network/Network.md",
    "Technology/Computing/Protocols/Protocols.md",
    "Technology/Computing/Standards/Standards.md",
    "Technology/Computing/WebRTC.md",
    "Technology/Computing/WebSockets.md",
    "Technology/Computing/End-Of-File.md",
    "Technology/Computing/Tree/Tree.md",
    "Technology/Computing/Protocols/OpenID.md",
    "Technology/Computing/NumericSystem/Binary/Binary.md",
    "Technology/Computing/NumericSystem/NumericSystem.md",
    "Technology/Computing/Agent",
    "Technology/Computing/Daemon",
    "Math/Trigonometry",
    "Math/Functions",
    "Technology/DotNet/MinimalApi",
    "Technology/DotNet/SignalR",
    "Technology/DataType",
    "Technology/Computing/Authentication",
    "Technology/Orchestration/K8s",
    "Technology/GIT/Images/Pasted image 20231017225728.png",
    "Pasted image 20231017225655.png",
    "Technology/GIT/Images/Pasted image 20231017225839.png",
    "Technology/GIT/Images/Pasted image 20231017225513.png",
    "Linux/Images/Permissions information.png",
    "Linux/Images/Linux permissions.png"
  ]
}