{
  "main": {
    "id": "23ba481898894539",
    "type": "split",
    "children": [
      {
        "id": "f091cb51bf63a617",
        "type": "tabs",
        "children": [
          {
            "id": "215135a7de75b47a",
            "type": "leaf",
            "state": {
              "type": "markdown",
              "state": {
                "file": "Linux/SSH keys.md",
                "mode": "source",
                "source": false
              }
            }
          }
        ]
      }
    ],
    "direction": "vertical"
  },
  "left": {
    "id": "6ff9c2217ef2c3ca",
    "type": "split",
    "children": [
      {
        "id": "c53c917c31299de0",
        "type": "tabs",
        "children": [
          {
            "id": "c1c52d2fc9b46fdc",
            "type": "leaf",
            "state": {
              "type": "file-explorer",
              "state": {
                "sortOrder": "alphabetical"
              }
            }
          },
          {
            "id": "546b3a8b12c226d2",
            "type": "leaf",
            "state": {
              "type": "search",
              "state": {
                "query": "ssh",
                "matchingCase": false,
                "explainSearch": false,
                "collapseAll": false,
                "extraContext": false,
                "sortOrder": "alphabetical"
              }
            }
          },
          {
            "id": "6547f55bfe091a34",
            "type": "leaf",
            "state": {
              "type": "bookmarks",
              "state": {}
            }
          }
        ],
        "currentTab": 1
      }
    ],
    "direction": "horizontal",
    "width": 300
  },
  "right": {
    "id": "9c1f4293da1e1f7a",
    "type": "split",
    "children": [
      {
        "id": "75cf9ae66b6bd6c7",
        "type": "tabs",
        "children": [
          {
            "id": "622ecdde190752c0",
            "type": "leaf",
            "state": {
              "type": "backlink",
              "state": {
                "file": "Linux/SSH keys.md",
                "collapseAll": false,
                "extraContext": false,
                "sortOrder": "alphabetical",
                "showSearch": false,
                "searchQuery": "",
                "backlinkCollapsed": false,
                "unlinkedCollapsed": true
              }
            }
          },
          {
            "id": "ad31d950110ec423",
            "type": "leaf",
            "state": {
              "type": "outgoing-link",
              "state": {
                "file": "Linux/SSH keys.md",
                "linksCollapsed": false,
                "unlinkedCollapsed": true
              }
            }
          },
          {
            "id": "05d2c2687f2bab48",
            "type": "leaf",
            "state": {
              "type": "tag",
              "state": {
                "sortOrder": "frequency",
                "useHierarchy": true
              }
            }
          },
          {
            "id": "93f4e6a3922be67e",
            "type": "leaf",
            "state": {
              "type": "outline",
              "state": {
                "file": "Linux/SSH keys.md"
              }
            }
          }
        ]
      }
    ],
    "direction": "horizontal",
    "width": 300,
    "collapsed": true
  },
  "left-ribbon": {
    "hiddenItems": {
      "switcher:Open quick switcher": false,
      "graph:Open graph view": false,
      "canvas:Create new canvas": false,
      "daily-notes:Open today's daily note": false,
      "templates:Insert template": false,
      "command-palette:Open command palette": false
    }
  },
  "active": "215135a7de75b47a",
  "lastOpenFiles": [
    "Linux/Linux.md",
    "GIT/GIT Stash.md",
    "GIT/GIT Rebase.md",
    "GIT/GIT Revert.md",
    "GIT/GIT.md",
    "GIT/GIT Bisect.md",
    "BASH/While statment.md",
    "BASH/Sleep.md",
    "BASH/Scripts in parallel.md",
    "BASH/Redirection.md",
    "BASH/Pipe.md",
    "BASH/If statment.md",
    "BASH/For statement.md",
    "BASH/BASH Shortcuts.md",
    "BASH/Bash.md",
    "BASH/Alias.md",
    "Computing/End-Of-File.md",
    "Computing/Tree/Tree.md",
    "Computing/Tree/Binary tree.md",
    "Console/REPL.md",
    "Console/Console.md",
    "Console/Command-line program.md",
    "Container/Podman/Podman.md",
    "Container/Docker/WORKDIR.md",
    "Container/Docker/VOLUME.md",
    "Container/Docker/USER.md",
    "Projects/AZ204EXAM",
    "Projects/PDI2023",
    "Projects"
  ]
}